花名,二级部门
霍普,渲染组
阿虎,渲染组
济科,KooLab组
刀刀,工具前端部
墨眉,KooLab组
子航,渲染组
寒雀,工具前端部
枕头,KooLab组
法师,KooLab组
泠舟,KooLab组
灵梦,渲染组
甘菊,质量效能组
白墨,工具前端部
黑眉,工具前端部
昧光,KooLab组
行舟(Mgr),质量效能组
晚夏,质量效能组
吕仙,算力中心
洛茗(Mgr),质量效能组
布诺,质量效能组
北杉(Mgr),工具前端部
寻迹(Mgr),质量效能组
中明,工具前端部
摩诘,工具前端部
闰土,工具前端部
伏城,工具前端部
六合,工具前端部
叙白,质量效能组
名世,工具前端部
旭斌,工具前端部
星熊,工具前端部
绘世,工具前端部
缈光,质量效能组
蒸蒸,质量效能组
蓝桉,工具前端部
起灵,工具前端部
辰时,工具前端部
行舟(Mgr),质量效能组
霍普,渲染组
乔松,工具前端部
于闲,质量效能组
希溪(Mgr),渲染组
灵梦,渲染组
千山,渲染组
姆明(Mgr),渲染组
展白,渲染组
曼笙,质量效能组
灿灿,渲染组
艾欧,渲染组
萤石,渲染组
詹森,渲染组
轩楷,渲染组
道友,渲染组
雪漫,渲染组
非晚,渲染组
鱼星,渲染组
与悦,质量效能组
兰森,渲染组
墨风,渲染组
木南,渲染组
梦蝶(Mgr),渲染组
草东,渲染组
蚂蚱,渲染组
那仁,渲染组
音节,渲染组
济科,KooLab组
卤蛋,质量效能组
囚徒(Mgr),KooLab组
团子(Mgr),KooLab组
宁温,KooLab组
牛排,KooLab组
南雪,工具前端部
夜侑,工具前端部
星街,KooLab组
泉安,KooLab组
溯林,KooLab组
工云,质量效能组
晚夏,质量效能组
狮子(Mgr),质量效能组
寻知,工具前端部
乐昂(Mgr),质量效能组
东风(Mgr),DeepCAD
申止,DeepCAD
阿诺,DeepCAD
垂杨,DeepCAD
山晓(Mgr),DeepCAD
杨塔(Mgr),DeepCAD
浩诚,DeepCAD
狐狸,质量效能组
药师(Mgr),DeepCAD
飞雪,DeepCAD
巴莫,工具后端部
米玄(Mgr),工具后端部
万象(Mgr),工具后端部
圣凯,工具后端部
阿替(Mgr),KooLab组
南方(Mgr),KooLab组
希晨,KooLab组
七里(Mgr),Coohom技术与数据开发组
三笠(Mgr),质量效能组
二两(Mgr),Coohom技术与数据开发组
听白,质量效能组
天问,Coohom技术与数据开发组
三铭,Coohom技术与数据开发组
光亨,Coohom技术与数据开发组
子荆,Coohom技术与数据开发组
栗粟,Coohom技术与数据开发组
荆枫,Coohom技术与数据开发组
七里(Mgr),Coohom技术与数据开发组
三笠(Mgr),质量效能组
二两(Mgr),Coohom技术与数据开发组
天问,Coohom技术与数据开发组
之江,质量效能组
晓全,Coohom技术与数据开发组
秋岸,Coohom技术与数据开发组
铄澜,Coohom技术与数据开发组
魁予,Coohom技术与数据开发组
七里(Mgr),Coohom技术与数据开发组
三笠(Mgr),质量效能组
二两(Mgr),Coohom技术与数据开发组
七格,Coohom技术与数据开发组
九十,Coohom技术与数据开发组
八角,Coohom技术与数据开发组
北星,Coohom技术与数据开发组
明然,Coohom技术与数据开发组
望北,质量效能组
涟星,质量效能组
艾叶,质量效能组
萨沙,Coohom技术与数据开发组
七里(Mgr),Coohom技术与数据开发组
三笠(Mgr),质量效能组
二两(Mgr),Coohom技术与数据开发组
守仁(Mgr),Coohom技术与数据开发组
千渡,Coohom技术与数据开发组
思扬,Coohom技术与数据开发组
承影,Coohom技术与数据开发组
灵越,Coohom技术与数据开发组
猫白,质量效能组
茜漫,质量效能组
闪克,Coohom技术与数据开发组
七里(Mgr),Coohom技术与数据开发组
三笠(Mgr),质量效能组
二两(Mgr),Coohom技术与数据开发组
口袋,Coohom技术与数据开发组
古法,Coohom技术与数据开发组
奥格,Coohom技术与数据开发组
昭景,Coohom技术与数据开发组
灵晔,质量效能组
茴体,Coohom技术与数据开发组
阿飞(Mgr),Coohom技术与数据开发组
季尘,质量效能组
朱羊,质量效能组
桃乐,质量效能组
雾魂(Mgr),质量效能组
悟饭(Mgr),工具前端部
一辆,工具前端部
允恭,工具前端部
林衍,工具前端部
长川(Mgr),工具前端部
大猫,工具前端部
斐然,质量效能组
朝雨,工具前端部
梅林,工具前端部
烩面,工具前端部
元彦,工具前端部
喜雨,工具前端部
紫鸾,工具前端部
陆辛,工具前端部
行舟(Mgr),质量效能组
悟饭(Mgr),工具前端部
狮子(Mgr),质量效能组
伯安,工具前端部
冉修,工具前端部
初恩,工具前端部
嘉言,工具前端部
小衎,工具前端部
文德,质量效能组
牧心,工具前端部
白粥,质量效能组
苏明,工具前端部
进舟,工具前端部
青黛,工具前端部
鹤水,工具前端部
临泽(Mgr),工具前端部
于闲,质量效能组
唐钰,工具前端部
布瓜,工具前端部
希溪(Mgr),渲染组
阿墨,质量效能组
东辉,工具前端部
又安,工具前端部
开环,质量效能组
无朔,工具前端部
奶牛(Mgr),工具后端部
新安,质量效能组
墨渊,工具后端部
风竹,工具后端部
卉舒,工具前端部
季青,工具前端部
尤初,质量效能组
木笔,质量效能组
歪林,质量效能组
泠安,工具后端部
蓁蓁,工具前端部
觉浅,质量效能组
黑咖,KooLab组
子瞻(Mgr),算力中心
小白(Mgr),算力中心
吕仙,算力中心
文延,算力中心
润平,算力中心
南岸,工具前端部
北杉(Mgr),工具前端部
乔松,工具前端部
云瑶,工具前端部
台宴,工具前端部
多玛,工具前端部
得九(Mgr),工具前端部
思思,质量效能组
绝影,质量效能组
若闲,工具前端部
远林(Mgr),工具前端部
鱼潜,工具前端部
乐昂(Mgr),质量效能组
东风(Mgr),DeepCAD
阿诺,DeepCAD
久凡,质量效能组
大厨(Mgr),DeepCAD
奇想,DeepCAD
顽童,DeepCAD
少丰(Mgr),质量效能组
梅诺,质量效能组
火山,质量效能组
陌声,质量效能组
子瞻(Mgr),算力中心
忘言,算力中心
怀谷,算力中心
菲兹,算力中心
鱼丸(Mgr),算力中心
新安,质量效能组
云舟,工具前端部
明心,工具后端部
魔丸,工具后端部
九饼,工具后端部
予夏,工具后端部
小杨,工具后端部
广思,工具后端部
方言,工具后端部
陌酲(Mgr),工具后端部
青吉(Mgr),工具后端部
鹤轩,质量效能组
济科,KooLab组
阿替(Mgr),KooLab组
希晨,KooLab组
昧光,KooLab组
亦朗,KooLab组
企行,KooLab组
光墨,KooLab组
千洛,KooLab组
巡星,KooLab组
德辉,KooLab组
明珂,KooLab组
晓梁,KooLab组
机长,KooLab组
松林,KooLab组
林澈,KooLab组
洛天,KooLab组
能苗,KooLab组
贤子,KooLab组
时中,工具前端部
暮歌,工具前端部
青耕,工具前端部
书航,Coohom技术与数据开发组
北言,Coohom技术与数据开发组
纳兹,Coohom技术与数据开发组
镇山,Coohom技术与数据开发组
守仁(Mgr),Coohom技术与数据开发组
归沉,Coohom技术与数据开发组
曜风,Coohom技术与数据开发组
柠乐,Coohom技术与数据开发组
卧东,Coohom技术与数据开发组
威海,Coohom技术与数据开发组
漫游,Coohom技术与数据开发组
书航,Coohom技术与数据开发组
北言,Coohom技术与数据开发组
柠乐,Coohom技术与数据开发组
纳兹,Coohom技术与数据开发组
云之(Mgr),Coohom技术与数据开发组
忠树(Mgr),Coohom技术与数据开发组
子瞻(Mgr),算力中心
四方,算力中心
本立,算力中心
离石(Mgr),算力中心
越澄(Mgr),工具前端部
托尼(Mgr),工具后端部
胡迪(Mgr),质量效能组
仁晓,工具后端部
咕噜,工具前端部
啊勃,工具前端部
极光,质量效能组
泽涵(Mgr),工具前端部
玄若,工具后端部
玄龄,质量效能组
空月,工具后端部
越澄(Mgr),工具前端部
胡迪(Mgr),质量效能组
木瓜(Mgr),工具前端部
花希,工具前端部
蓝湛,工具前端部
蟋蟀(Mgr),工具前端部
风定,质量效能组
新安,质量效能组
越澄(Mgr),工具前端部
托尼(Mgr),工具后端部
林衍,工具前端部
太华,质量效能组
山君,工具后端部
川原,质量效能组
平生(Mgr),工具后端部
毛球,工具后端部
灼华,工具前端部
白酒,工具前端部
皓晴,工具前端部
萌浩,工具前端部
飞轩,工具后端部
时升(Mgr),质量效能组
一桃,质量效能组
松雪,质量效能组
柒柒,质量效能组
桃子,质量效能组
小菜,工具后端部
潘凤,工具后端部
米森,工具后端部
莉娜,质量效能组
青霜,工具后端部
斑斑(Mgr),工具后端部
风国,工具后端部
天璇,质量效能组
富帅(Mgr),工具前端部
沙皇,工具前端部
秋籁,工具前端部
寻迹(Mgr),质量效能组
巴莫,工具后端部
江澄,质量效能组
米玄(Mgr),工具后端部
奥丁,工具后端部
川木,工具后端部
拾荒,工具后端部
星柔,质量效能组
童虎,工具后端部
绅士,工具后端部
霍普,渲染组
小年,渲染组
阿虎,渲染组
花少(Mgr),渲染组
济科,KooLab组
卤蛋,质量效能组
南方(Mgr),KooLab组
囚徒(Mgr),KooLab组
团子(Mgr),KooLab组
墨问,KooLab组
宁温,KooLab组
牛排,KooLab组
时升(Mgr),质量效能组
以涔,质量效能组
光霁,质量效能组
千川,质量效能组
巴乔,质量效能组
常伴,质量效能组
得一,质量效能组
微禾,质量效能组
成鸿(Mgr),质量效能组
斗臣,质量效能组
李青,质量效能组
爱果(Mgr),质量效能组
白旭,质量效能组
米祖(Mgr),质量效能组
老黑,质量效能组
蓝白,质量效能组
蜜茶,质量效能组
遥轩,质量效能组
洛茗(Mgr),质量效能组
深深,质量效能组
奶牛(Mgr),工具后端部
听白,质量效能组
墨渊,工具后端部
风竹,工具后端部
升阳,工具后端部
和靖,工具后端部
欢歌,工具后端部
财多,质量效能组
零幻,工具后端部
北杉(Mgr),工具前端部
夜曲,工具前端部
晚冬,工具前端部
奶牛(Mgr),工具后端部
归沉,Coohom技术与数据开发组
曜风,Coohom技术与数据开发组
和铃,质量效能组
景山,工具后端部
楚然,工具后端部
比比,工具后端部
王翔,工具后端部
碗茗,工具后端部
颜浩,质量效能组
风信(Mgr),工具后端部
纽维,Coohom技术与数据开发组
寻迹(Mgr),质量效能组
江澄,质量效能组
修然(Mgr),工具后端部
图南,工具后端部
墨禾,工具后端部
棠栀,工具后端部
毛裤,工具后端部
溟波,工具后端部
玄奘,工具后端部
纪臻,工具后端部
行秋,工具后端部
佚名(Mgr),工具前端部
刀刀,工具前端部
寒雀,工具前端部
白墨,工具前端部
黑眉,工具前端部
北杉(Mgr),工具前端部
夜曲,工具前端部
晚冬,工具前端部
善宇,工具前端部
济科,KooLab组
行舟(Mgr),质量效能组
阿替(Mgr),KooLab组
墨眉,KooLab组
墨问,KooLab组
子航,渲染组
枕头,KooLab组
法师,KooLab组
泠舟,KooLab组
甘菊,质量效能组
小月,KooLab组
星望(Mgr),KooLab组
显卡,KooLab组
板砖(Mgr),KooLab组
王九,KooLab组
甲醛,KooLab组
西狂(Mgr),KooLab组
临泽(Mgr),工具前端部
唐钰,工具前端部
布瓜,工具前端部
阿墨,质量效能组
最爱,工具前端部
子瞻(Mgr),算力中心
行舟(Mgr),质量效能组
卤蛋,质量效能组
小白(Mgr),算力中心
小年,渲染组
夜煞,算力中心
寒锐,算力中心
浩子,算力中心
尘楚,质量效能组
橙也,质量效能组
胡麻,质量效能组
许秀,质量效能组
车晓(Mgr),质量效能组
佚名(Mgr),工具前端部
财宝(Mgr),质量效能组
子瞻(Mgr),算力中心
小白(Mgr),算力中心
胖猫,算力中心
至强,算力中心
良加,算力中心
远方(Mgr),算力中心
长征,算力中心
北杉(Mgr),工具前端部
三鲜,质量效能组
中明,工具前端部
商羊,工具前端部
工云,质量效能组
北杉(Mgr),工具前端部
三鲜,质量效能组
摩诘,工具前端部
深深,质量效能组
闰土,工具前端部
乐昂(Mgr),质量效能组
申止,DeepCAD
乐昂(Mgr),质量效能组
东风(Mgr),DeepCAD
桃子,质量效能组
一粟(Mgr),DeepCAD
挽梦,DeepCAD
竹沥,DeepCAD
北杉(Mgr),工具前端部
寻迹(Mgr),质量效能组
三鲜,质量效能组
夏空,工具前端部
景言,工具前端部
观澜,工具前端部
酒窝,工具前端部
长川(Mgr),工具前端部
乐达,工具前端部
公孙,工具前端部
叁月,质量效能组
安尘(Mgr),工具前端部
欧冶,工具前端部
红果,工具前端部
